code,system
E202C00,readv2
E202500,readv2
E202600,readv2
E202400,readv2
E202B00,readv2
E202300,readv2
E202000,readv2
Eu40300,readv2
Eu40100,readv2
Eu40211,readv2
Eu40214,readv2
Eu40z11,readv2
Eu40200,readv2
E200200,readv2
E200400,readv2
Z4I7211,readv2
Eu45211,readv2
8HHp.00,readv2
Eu41100,readv2
E202D00,readv2
Eu44300,readv2
E202z11,readv2
E200500,readv2
8G94.00,readv2
Z4I7.00,readv2
E20z.00,readv2
E28z.13,readv2
Z4I7200,readv2
E202900,readv2
Z4I7100,readv2
Eu43015,readv2
Eu46100,readv2
Eu41z11,readv2
E203.00,readv2
1P3..00,readv2
E203000,readv2
E203z00,readv2
Eu42y00,readv2
Eu42.00,readv2
Eu42100,readv2
Eu42.12,readv2
Eu44.11,readv2
Eu45y12,readv2
E201511,readv2
E201100,readv2
E201.00,readv2
E201612,readv2
Eu45511,readv2
E201611,readv2
E201z12,readv2
E201500,readv2
E201z00,readv2
E201z11,readv2
Eu41y11,readv2
Eu44.13,readv2
E201300,readv2
Eu45411,readv2
E278z00,readv2
E278.00,readv2
E261500,readv2
Eu44411,readv2
Eu45325,readv2
E264000,readv2
Eu45323,readv2
E264200,readv2
Eu46y16,readv2
Eu45324,readv2
Eu45322,readv2
E261300,readv2
E261000,readv2
E265100,readv2
Eu45413,readv2
E263z00,readv2
E267.00,readv2
Eu44412,readv2
E261400,readv2
E265200,readv2
E263000,readv2
Eu45320,readv2
E264500,readv2
Eu45y13,readv2
Eu45y11,readv2
Eu52611,readv2
E263.00,readv2
Eu45412,readv2
E278200,readv2
E131.00,readv2
Eu44.14,readv2
Eu44y12,readv2
E2...00,readv2
E201900,readv2
1B13.00,readv2
2258.00,readv2
1B13.12,readv2
1B13.11,readv2
E261100,readv2
Eu45321,readv2
E261200,readv2
Eu45316,readv2
Eu41111,readv2
Eu46z11,readv2
E201B00,readv2
Eu45313,readv2
Eu42.11,readv2
E203.11,readv2
E260.00,readv2
E260z00,readv2
Eu40213,readv2
E202800,readv2
E2z..00,readv2
E2y..00,readv2
Eu45012,readv2
Eu46y11,readv2
E20y011,readv2
Z7CG400,readv2
1S1..00,readv2
Eu41112,readv2
Eu44.12,readv2
Eu46y15,readv2
Eu46y14,readv2
Eu43100,readv2
Z7CG500,readv2
ZS7C700,readv2
E283100,readv2
Eu43111,readv2
E29y100,readv2
E200000,readv2
Eu40z00,readv2
1Bb..00,readv2
Eu44z00,readv2
Eu41y00,readv2
Eu45z00,readv2
E278000,readv2
E292312,readv2
E201A00,readv2
Eu46y00,readv2
Eu41z00,readv2
Eu46z00,readv2
E201000,readv2
Eu42z00,readv2
Eu44y13,readv2
E030000,readv2
E031000,readv2
Eu41113,readv2
E200z00,readv2
Eu44y14,readv2
1466.00,readv2
E200.00,readv2
Eu44y11,readv2
E201z13,readv2
Eu45y14,readv2
E260100,readv2
Eu41012,readv2
Eu41000,readv2
E200100,readv2
Eu41300,readv2
Eu41200,readv2
Eu44700,readv2
Eu44000,readv2
E201700,readv2
Eu40112,readv2
E202.11,readv2
E292300,readv2
E292311,readv2
Eu45500,readv2
E264.11,readv2
E202z00,readv2
E202.00,readv2
Eu40.00,readv2
Eu40z12,readv2
8G52.00,readv2
E202.12,readv2
Eu40y00,readv2
E20y000,readv2
Eu45000,readv2
E20y300,readv2
1B1V.00,readv2
Eu41011,readv2
E202100,readv2
225J.00,readv2
E200111,readv2
E202200,readv2
R2y2.11,readv2
1B12.11,readv2
E202E00,readv2
E201C00,readv2
Eu41211,readv2
Eu34114,readv2
E200300,readv2
Eu40011,readv2
Eu40000,readv2
146G.00,readv2
Eu40012,readv2
E261z00,readv2
E261.00,readv2
Eu43300,readv2
Eu43400,readv2
Eu44y00,readv2
E201600,readv2
Eu44.00,readv2
R2y2.12,readv2
2259.00,readv2
R2y2.00,readv2
1B12.00,readv2
E205.11,readv2
1B12.12,readv2
E20z.11,readv2
E203100,readv2
Eu45215,readv2
Eu45212,readv2
E260000,readv2
E201400,readv2
E201200,readv2
Eu44611,readv2
E206.00,readv2
E262300,readv2
E262z00,readv2
E262.00,readv2
Eu45400,readv2
Eu45y00,readv2
Eu45300,readv2
Eu45414,readv2
Eu45.00,readv2
1B1H.11,readv2
E264400,readv2
Eu45318,readv2
E264.00,readv2
E264z00,readv2
Eu4..00,readv2
Eu40212,readv2
E202700,readv2
E26z.00,readv2
Eu45z11,readv2
Eu45100,readv2
Eu45111,readv2
E207.00,readv2
Eu45214,readv2
Eu45314,readv2
Eu46000,readv2
E262200,readv2
E205.00,readv2
Eu45011,readv2
Eu42000,readv2
Eu42200,readv2
1Ba0.00,readv2
E201800,readv2
Eu44100,readv2
Eu45319,readv2
E265300,readv2
Eu45317,readv2
E264300,readv2
E264311,readv2
Eu46y12,readv2
E13y000,readv2
Eu44200,readv2
E262000,readv2
Eu45311,readv2
E202A00,readv2
E28z.12,readv2
Eu45312,readv2
Eu44400,readv2
Eu44500,readv2
Eu44600,readv2
E265z00,readv2
E265.00,readv2
Eu45200,readv2
Eu45213,readv2
Eu44511,readv2
E20..00,readv2
E20y200,readv2
E26y.00,readv2
E26yz00,readv2
E20y.00,readv2
E20yz00,readv2
Eu41.00,readv2
Eu46.00,readv2
E20y100,readv2
Eu46y13,readv2
Eu46011,readv2
1B14.11,readv2